{
  "model": "qubo",
  "train_rmse": 3.614399686093636e-05,
  "test_rmse": 1.377815171470176,
  "train_r2": 0.999999998819705,
  "test_r2": -0.6241749080816426,
  "train_spearman": 0.9986396853745084,
  "test_spearman": 0.19630390759768995
}