{
  "model": "qubo",
  "train_rmse": 1.0323727471394641,
  "test_rmse": 1.0970831053199899,
  "train_r2": 0.03707767126310646,
  "test_r2": -0.029745554883648495,
  "train_spearman": 0.26301608283762945,
  "test_spearman": 0.17535738393459838
}