{
  "model": "qubo",
  "train_rmse": 0.5851502878800288,
  "test_rmse": 1.2705696318017732,
  "train_r2": 0.6949781116910656,
  "test_r2": -0.4321044498837323,
  "train_spearman": 0.7750209555638097,
  "test_spearman": 0.3320574080574081
}