{
  "model": "qubo",
  "train_rmse": 0.7257516425136602,
  "test_rmse": 1.0049952639140727,
  "train_r2": 0.5294777021538382,
  "test_r2": 0.10063328391239257,
  "train_spearman": 0.6976959615733744,
  "test_spearman": 0.41276230169057543
}