{
  "model": "qubo",
  "train_rmse": 1.0591927377568313,
  "test_rmse": 1.0781742891509896,
  "train_r2": -0.0021994113234611312,
  "test_r2": -0.03511052168424755,
  "train_spearman": 0.23537602375587544,
  "test_spearman": 0.20875790968947744
}