{
  "model": "qubo",
  "train_rmse": 0.9977560220060928,
  "test_rmse": 1.0206262641811163,
  "train_r2": 0.11316081406989031,
  "test_r2": 0.07591646472476077,
  "train_spearman": 0.3346925311057831,
  "test_spearman": 0.28734818334818335
}