{
  "model": "qubo",
  "train_rmse": 1.0452723759720808,
  "test_rmse": 1.0775366264397253,
  "train_r2": 0.02670750022090318,
  "test_r2": -0.02358815592790031,
  "train_spearman": 0.2378391085309018,
  "test_spearman": 0.16780379877374232
}