{
  "model": "qubo",
  "train_rmse": 0.9139133792900906,
  "test_rmse": 1.1044756098002304,
  "train_r2": 0.24538008014200907,
  "test_r2": -0.0436698346501585,
  "train_spearman": 0.5013382130284579,
  "test_spearman": 0.2913117827945699
}