{
  "model": "qubo",
  "train_rmse": 1.005192729966031,
  "test_rmse": 1.0152334685322681,
  "train_r2": 0.09738440604184517,
  "test_r2": 0.08221567997814316,
  "train_spearman": 0.3198459436460304,
  "test_spearman": 0.30199608349902085
}