{
  "model": "qubo",
  "train_rmse": 1.054278374137681,
  "test_rmse": 1.0525319521403906,
  "train_r2": 0.00983685902567999,
  "test_r2": 0.017238058014624635,
  "train_spearman": 0.24417838469864903,
  "test_spearman": 0.23619423219423222
}