{
  "model": "qubo",
  "train_rmse": 0.8876549873843265,
  "test_rmse": 1.0173363255889496,
  "train_r2": 0.2980849499796999,
  "test_r2": 0.08186433861220554,
  "train_spearman": 0.5231107637569228,
  "test_spearman": 0.3381607221607222
}