{
  "model": "qubo",
  "train_rmse": 0.5780582428649927,
  "test_rmse": 1.5722432566675801,
  "train_r2": 0.6981011967058111,
  "test_r2": -1.1149025121860006,
  "train_spearman": 0.7916959167123698,
  "test_spearman": 0.16770869271731798
}