{
  "model": "qubo",
  "train_rmse": 0.7595488761229426,
  "test_rmse": 1.213406943797382,
  "train_r2": 0.4860795716492925,
  "test_r2": -0.29799829341861983,
  "train_spearman": 0.6697811053832443,
  "test_spearman": 0.23516003225020154
}