{
  "model": "qubo",
  "train_rmse": 0.9640093691736834,
  "test_rmse": 1.0604446469645512,
  "train_r2": 0.1721589841719957,
  "test_r2": 0.008626791667111888,
  "train_spearman": 0.40757073733231935,
  "test_spearman": 0.2565947912174451
}