{
  "model": "qubo",
  "train_rmse": 0.0002342755101117045,
  "test_rmse": 1.8876251879137296,
  "train_r2": 0.9999999511079537,
  "test_r2": -2.141179086282794,
  "train_spearman": 0.9971129119581688,
  "test_spearman": 0.2248720304501903
}