{
  "model": "qubo",
  "train_rmse": 0.9116360729911979,
  "test_rmse": 0.9798049889147914,
  "train_r2": 0.25758428220776386,
  "test_r2": 0.1451536263436517,
  "train_spearman": 0.49460832854856773,
  "test_spearman": 0.3845832406458101
}