{
  "model": "qubo",
  "train_rmse": 0.9869161280398329,
  "test_rmse": 1.0216200328382248,
  "train_r2": 0.12990905919248164,
  "test_r2": 0.07063228503388619,
  "train_spearman": 0.358720573386259,
  "test_spearman": 0.3031948282987071
}